{"cameraMode":{"drawMode":0,"name":"Shaded","section":"Shading Mode"},"sceneLighting":true,"audioPlay":false,"sceneViewState":{"showFog":true,"showMaterialUpdate":false,"showSkybox":true,"showFlares":true,"showImageEffects":true,"showParticleSystems":true},"in2DMode":false,"pivot":{"x":14.003950119018555,"y":1.6445677280426026,"z":-4.836191177368164},"rotation":{"x":0.017501983791589738,"y":0.9769949913024902,"z":-0.08847299963235855,"w":0.19327135384082795},"size":7.265669345855713,"orthographic":false}